<?xml version="1.0" encoding="UTF-8"?>
<project-private xmlns="http://www.netbeans.org/ns/project-private/1">
    <editor-bookmarks xmlns="http://www.netbeans.org/ns/editor-bookmarks/2" lastBookmarkId="0"/>
    <open-files xmlns="http://www.netbeans.org/ns/projectui-open-files/2">
        <group name="www">
            <file>file:/C:/wamp/www/GrupoAbril/Control/buscarDadosProduto.php</file>
            <file>file:/C:/wamp/www/GrupoAbril/View/FrmAlterarProduto.php</file>
            <file>file:/C:/wamp/www/GrupoAbril/Model/excluirProduto.php</file>
            <file>file:/C:/wamp/www/GrupoAbril/View/FrmConsultaProduto.php</file>
        </group>
    </open-files>
</project-private>
